 (HEAD -> main, origin/main, origin/HEAD),2021-06-03 18:08:30 +0200,Unknown,irene.amor@digipen.edu,32280b9,Assignment-2.1
,2021-06-01 13:33:43 +0200,Irene,irene.amor@digipen.edu,bffabdf,Lab-3-with-line-lerp
,2021-05-26 16:44:23 +0200,Irene,irene.amor@digipen.edu,0fe721f,Lab-3-Draw-Triangle.cpp
,2021-05-26 15:52:06 +0200,Irene,irene.amor@digipen.edu,5f211eb,Lab-3-update
,2021-05-25 20:56:29 +0200,ireneamor,78879349+ireneamor@users.noreply.github.com,849166c,Add-files-via-upload
,2021-05-25 14:01:31 +0200,Irene,irene.amor@digipen.edu,4206566,Lab-3
,2021-05-19 16:55:17 +0200,Irene,irene.amor@digipen.edu,6770032,Lab2
,2021-05-12 20:42:31 +0200,Unknown,irene.amor@digipen.edu,f156137,Assignment-1.1-and-1.2
,2021-05-12 16:21:38 +0200,Irene,irene.amor@digipen.edu,1d0c546,Assignment-1.2
 (origin/Assignment1),2021-05-12 13:23:16 +0200,Unknown,irene.amor@digipen.edu,16a9ed7,Zip-folder
,2021-05-12 13:09:18 +0200,Unknown,irene.amor@digipen.edu,54b38e0,Revert-Set-up-repo
,2021-05-11 18:14:37 +0200,Unknown,irene.amor@digipen.edu,03b24a8,Initial-commit
